{"stats":{"minecraft:used":{"minecraft:sand":3},"minecraft:custom":{"minecraft:jump":299,"minecraft:time_since_rest":7292,"minecraft:leave_game":1,"minecraft:crouch_one_cm":352,"minecraft:walk_on_water_one_cm":139,"minecraft:sprint_one_cm":26964,"minecraft:play_time":7292,"minecraft:damage_taken":170,"minecraft:time_since_death":7292,"minecraft:walk_one_cm":23963,"minecraft:sneak_time":60,"minecraft:total_world_time":7292,"minecraft:fall_one_cm":9593,"minecraft:fly_one_cm":58744},"minecraft:mined":{"minecraft:ice":8,"minecraft:powder_snow":18,"minecraft:sand":3,"minecraft:packed_ice":2},"minecraft:picked_up":{"minecraft:sand":3}},"DataVersion":3465}