{"stats":{"minecraft:picked_up":{"minecraft:oak_log":2,"minecraft:dirt":1},"minecraft:custom":{"minecraft:jump":95,"minecraft:time_since_rest":8467,"minecraft:crouch_one_cm":55,"minecraft:sprint_one_cm":13098,"minecraft:play_time":8467,"minecraft:walk_on_water_one_cm":469,"minecraft:time_since_death":8467,"minecraft:walk_one_cm":5969,"minecraft:sneak_time":13,"minecraft:total_world_time":8467,"minecraft:fall_one_cm":894,"minecraft:fly_one_cm":20284},"minecraft:mined":{"minecraft:oak_log":2,"minecraft:grass_block":1,"minecraft:oak_leaves":1}},"DataVersion":3465}