{"stats":{"minecraft:dropped":{"minecraft:emerald_block":1,"minecraft:diamond_block":64,"minecraft:coal_ore":1},"minecraft:killed_by":{"minecraft:skeleton":1,"minecraft:creeper":1,"minecraft:zombie":1},"minecraft:mined":{"minecraft:jungle_leaves":6,"minecraft:diamond_block":24,"minecraft:grass":19,"minecraft:coal_ore":15,"minecraft:grass_block":1,"minecraft:oak_log":4,"minecraft:cocoa":2,"minecraft:vine":3,"minecraft:jungle_log":1,"minecraft:dirt":2,"minecraft:bamboo":7,"minecraft:stone":6,"minecraft:oak_leaves":11,"minecraft:fern":7},"minecraft:custom":{"minecraft:time_since_rest":158,"minecraft:sprint_one_cm":47139,"minecraft:damage_taken":1280,"minecraft:walk_one_cm":58354,"minecraft:drop":35,"minecraft:damage_dealt":171,"minecraft:swim_one_cm":8791,"minecraft:fly_one_cm":131318,"minecraft:crouch_one_cm":992,"minecraft:play_time":30338,"minecraft:walk_under_water_one_cm":639,"minecraft:deaths":4,"minecraft:sneak_time":904,"minecraft:jump":702,"minecraft:leave_game":6,"minecraft:walk_on_water_one_cm":3009,"minecraft:time_since_death":55,"minecraft:climb_one_cm":7016,"minecraft:total_world_time":30338,"minecraft:fall_one_cm":27733},"minecraft:used":{"minecraft:coal_ore":147,"minecraft:oak_planks":1,"minecraft:iron_pickaxe":51,"minecraft:bamboo":64,"minecraft:diamond_block":267,"minecraft:dirt":3,"minecraft:cobblestone":2,"minecraft:jungle_planks":4},"minecraft:crafted":{"minecraft:oak_planks":12,"minecraft:diamond":153,"minecraft:jungle_planks":4},"minecraft:picked_up":{"minecraft:cocoa_beans":6,"minecraft:jungle_log":1,"minecraft:oak_log":3,"minecraft:diamond_block":24,"minecraft:dirt":3,"minecraft:wheat_seeds":2,"minecraft:bamboo":73,"minecraft:coal":15,"minecraft:cobblestone":3,"minecraft:egg":1}},"DataVersion":3465}