{"stats":{"minecraft:picked_up":{"minecraft:jungle_log":1,"minecraft:diamond_block":12,"minecraft:coal":4,"minecraft:dirt":3,"minecraft:cobblestone":3},"minecraft:used":{"minecraft:coal_ore":147,"minecraft:cobblestone":2,"minecraft:dirt":3,"minecraft:diamond_block":267,"minecraft:jungle_planks":4,"minecraft:iron_pickaxe":26},"minecraft:crafted":{"minecraft:diamond":45,"minecraft:jungle_planks":4},"minecraft:killed_by":{"minecraft:zombie":1},"minecraft:custom":{"minecraft:time_since_rest":216,"minecraft:damage_taken":230,"minecraft:crouch_one_cm":718,"minecraft:play_time":18531,"minecraft:sprint_one_cm":21667,"minecraft:walk_one_cm":27543,"minecraft:deaths":1,"minecraft:sneak_time":737,"minecraft:drop":35,"minecraft:jump":319,"minecraft:damage_dealt":146,"minecraft:leave_game":4,"minecraft:time_since_death":55,"minecraft:total_world_time":18531,"minecraft:climb_one_cm":1836,"minecraft:fly_one_cm":89405,"minecraft:fall_one_cm":6872},"minecraft:dropped":{"minecraft:emerald_block":1,"minecraft:diamond_block":64,"minecraft:coal_ore":1},"minecraft:mined":{"minecraft:grass":7,"minecraft:grass_block":1,"minecraft:coal_ore":4,"minecraft:jungle_log":1,"minecraft:dirt":2,"minecraft:stone":4,"minecraft:diamond_block":12,"minecraft:oak_leaves":4,"minecraft:fern":1}},"DataVersion":3465}