{"stats":{"minecraft:picked_up":{"minecraft:jungle_log":1},"minecraft:used":{"minecraft:jungle_planks":4,"minecraft:dirt":2},"minecraft:crafted":{"minecraft:jungle_planks":4},"minecraft:custom":{"minecraft:jump":150,"minecraft:time_since_rest":5125,"minecraft:damage_dealt":96,"minecraft:crouch_one_cm":166,"minecraft:leave_game":2,"minecraft:play_time":5125,"minecraft:sprint_one_cm":14208,"minecraft:damage_taken":40,"minecraft:time_since_death":5125,"minecraft:walk_one_cm":13299,"minecraft:sneak_time":128,"minecraft:total_world_time":5125,"minecraft:climb_one_cm":1679,"minecraft:fly_one_cm":39674,"minecraft:fall_one_cm":4595},"minecraft:mined":{"minecraft:grass":7,"minecraft:jungle_log":1,"minecraft:oak_leaves":1,"minecraft:fern":1}},"DataVersion":3465}