{"stats":{"minecraft:dropped":{"minecraft:emerald_block":1,"minecraft:diamond_block":64,"minecraft:coal_ore":1},"minecraft:killed_by":{"minecraft:zombie":1},"minecraft:mined":{"minecraft:grass":10,"minecraft:grass_block":1,"minecraft:coal_ore":4,"minecraft:vine":3,"minecraft:jungle_log":1,"minecraft:dirt":2,"minecraft:jungle_leaves":5,"minecraft:stone":4,"minecraft:diamond_block":12,"minecraft:oak_leaves":5,"minecraft:fern":3},"minecraft:custom":{"minecraft:time_since_rest":2887,"minecraft:damage_taken":280,"minecraft:crouch_one_cm":718,"minecraft:play_time":21202,"minecraft:sprint_one_cm":30242,"minecraft:walk_one_cm":32658,"minecraft:deaths":1,"minecraft:sneak_time":737,"minecraft:drop":35,"minecraft:jump":434,"minecraft:damage_dealt":146,"minecraft:leave_game":5,"minecraft:time_since_death":2726,"minecraft:total_world_time":21202,"minecraft:climb_one_cm":5723,"minecraft:fly_one_cm":98859,"minecraft:fall_one_cm":12043},"minecraft:used":{"minecraft:coal_ore":147,"minecraft:cobblestone":2,"minecraft:dirt":3,"minecraft:diamond_block":267,"minecraft:jungle_planks":4,"minecraft:iron_pickaxe":26},"minecraft:crafted":{"minecraft:diamond":45,"minecraft:jungle_planks":4},"minecraft:picked_up":{"minecraft:jungle_log":1,"minecraft:wheat_seeds":2,"minecraft:diamond_block":12,"minecraft:coal":4,"minecraft:dirt":3,"minecraft:cobblestone":3}},"DataVersion":3465}