{"stats":{"minecraft:picked_up":{"minecraft:jungle_log":1},"minecraft:used":{"minecraft:jungle_planks":4},"minecraft:crafted":{"minecraft:jungle_planks":4},"minecraft:custom":{"minecraft:jump":138,"minecraft:time_since_rest":3752,"minecraft:damage_dealt":96,"minecraft:crouch_one_cm":47,"minecraft:leave_game":2,"minecraft:play_time":3752,"minecraft:sprint_one_cm":13547,"minecraft:damage_taken":40,"minecraft:time_since_death":3752,"minecraft:walk_one_cm":12278,"minecraft:sneak_time":12,"minecraft:total_world_time":3752,"minecraft:climb_one_cm":1510,"minecraft:fall_one_cm":4386,"minecraft:fly_one_cm":15588},"minecraft:mined":{"minecraft:grass":7,"minecraft:jungle_log":1,"minecraft:oak_leaves":1,"minecraft:fern":1}},"DataVersion":3465}